{"graph": {"_type": "graph-file", "sha256": "0b956f82c57076b49cb3358ee410c2df3e3c6e0299033d3ff886a97c6e35fdc2", "size": 1267, "path": "media/graph/graph_summary_0b956f82c57076b49cb3.graph.json"}, "epoch": 7, "_timestamp": 1680274367.2460406, "loss": 36328848.0, "mse": 36328848.0, "mean_absolute_error": 198.91030883789062, "val_loss": 4501128.0, "val_mse": 4501128.0, "val_mean_absolute_error": 74.97151184082031, "_runtime": 1071.8003165721893, "_step": 7, "best_val_loss": 1413746.75, "best_epoch": 0, "_wandb": {"runtime": 1208}}