{"graph": {"_type": "graph-file", "sha256": "0b956f82c57076b49cb3358ee410c2df3e3c6e0299033d3ff886a97c6e35fdc2", "size": 1267, "path": "media/graph/graph_summary_0b956f82c57076b49cb3.graph.json"}, "epoch": 5, "_timestamp": 1680277136.592595, "loss": 2103.8798828125, "mse": 2103.8798828125, "mean_absolute_error": 1.1342964172363281, "val_loss": 6006.46875, "val_mse": 6006.46875, "val_mean_absolute_error": 1.312320351600647, "_runtime": 899.4166631698608, "_step": 5, "best_val_loss": 6006.46875, "best_epoch": 5, "_wandb": {"runtime": 994}}