{"graph": {"_type": "graph-file", "sha256": "0b956f82c57076b49cb3358ee410c2df3e3c6e0299033d3ff886a97c6e35fdc2", "size": 1267, "path": "media/graph/graph_summary_0b956f82c57076b49cb3.graph.json"}, "epoch": 3, "_timestamp": 1680273230.3848493, "loss": 2583526113280.0, "mse": 2583526113280.0, "mean_absolute_error": 56113.5078125, "val_loss": 43169450295296.0, "val_mse": 43169450295296.0, "val_mean_absolute_error": 93287.4140625, "_runtime": 640.3668773174286, "_step": 3, "best_val_loss": 10349073408.0, "best_epoch": 0, "_wandb": {"runtime": 646}}