{"graph": {"_type": "graph-file", "sha256": "0b956f82c57076b49cb3358ee410c2df3e3c6e0299033d3ff886a97c6e35fdc2", "size": 1267, "path": "media/graph/graph_summary_0b956f82c57076b49cb3.graph.json"}, "epoch": 99, "_timestamp": 1680531018.8887384, "loss": 0.11072909832000732, "mse": 0.11072909832000732, "mean_absolute_error": 0.21154531836509705, "val_loss": 0.1377411037683487, "val_mse": 0.1377411037683487, "val_mean_absolute_error": 0.21815092861652374, "_runtime": 543.3927564620972, "_step": 99, "best_val_loss": 0.1377411037683487, "best_epoch": 99, "_wandb": {"runtime": 546}}