{"graph": {"_type": "graph-file", "sha256": "0b956f82c57076b49cb3358ee410c2df3e3c6e0299033d3ff886a97c6e35fdc2", "size": 1267, "path": "media/graph/graph_summary_0b956f82c57076b49cb3.graph.json"}, "epoch": 23, "_timestamp": 1680532820.5365212, "loss": 0.2131125032901764, "mse": 0.2131125032901764, "mean_absolute_error": 0.2971319556236267, "val_loss": 0.23505395650863647, "val_mse": 0.23505395650863647, "val_mean_absolute_error": 0.29815417528152466, "_runtime": 165.49599528312683, "_step": 23, "best_val_loss": 0.23505395650863647, "best_epoch": 23, "_wandb": {"runtime": 168}}